資料年月,縣市,車種類別,數量
200701,臺北市,大型重型機車,9056
200701,臺北市,小型輕型機車,0
200701,臺北市,汽車,1353352
200701,臺北市,普通重型機車,953237
200701,臺北市,普通輕型機車,146081
200701,臺北市,普通駕照,1297958
200701,臺北市,機車,1108374
200701,臺北市,職業駕照,55394
200702,臺北市,大型重型機車,9183
200702,臺北市,小型輕型機車,0
200702,臺北市,汽車,1354486
200702,臺北市,普通重型機車,954592
200702,臺北市,普通輕型機車,145968
200702,臺北市,普通駕照,1299236
200702,臺北市,機車,1109743
200702,臺北市,職業駕照,55250
200703,臺北市,大型重型機車,9362
200703,臺北市,小型輕型機車,0
200703,臺北市,汽車,1355750
200703,臺北市,普通重型機車,955438
200703,臺北市,普通輕型機車,145723
200703,臺北市,普通駕照,1300651
200703,臺北市,機車,1110523
200703,臺北市,職業駕照,55099
200704,臺北市,大型重型機車,9514
200704,臺北市,小型輕型機車,0
200704,臺北市,汽車,1357407
200704,臺北市,普通重型機車,956314
200704,臺北市,普通輕型機車,145449
200704,臺北市,普通駕照,1302381
200704,臺北市,機車,1111277
200704,臺北市,職業駕照,55026
200705,臺北市,大型重型機車,9699
200705,臺北市,小型輕型機車,0
200705,臺北市,汽車,1358855
200705,臺北市,普通重型機車,957446
200705,臺北市,普通輕型機車,145145
200705,臺北市,普通駕照,1303955
200705,臺北市,機車,1112290
200705,臺北市,職業駕照,54900
200706,臺北市,大型重型機車,9908
200706,臺北市,小型輕型機車,0
200706,臺北市,汽車,1360793
200706,臺北市,普通重型機車,958654
200706,臺北市,普通輕型機車,144073
200706,臺北市,普通駕照,1305934
200706,臺北市,機車,1112635
200706,臺北市,職業駕照,54859
200707,臺北市,大型重型機車,10207
200707,臺北市,小型輕型機車,0
200707,臺北市,汽車,1362998
200707,臺北市,普通重型機車,961434
200707,臺北市,普通輕型機車,142673
200707,臺北市,普通駕照,1308174
200707,臺北市,機車,1114314
200707,臺北市,職業駕照,54824
200708,臺北市,大型重型機車,10442
200708,臺北市,小型輕型機車,0
200708,臺北市,汽車,1366955
200708,臺北市,普通重型機車,964296
200708,臺北市,普通輕型機車,141149
200708,臺北市,普通駕照,1312209
200708,臺北市,機車,1115887
200708,臺北市,職業駕照,54746
200709,臺北市,大型重型機車,10683
200709,臺北市,小型輕型機車,1
200709,臺北市,汽車,1369787
200709,臺北市,普通重型機車,966013
200709,臺北市,普通輕型機車,144796
200709,臺北市,普通駕照,1315216
200709,臺北市,機車,1121493
200709,臺北市,職業駕照,54571
200710,臺北市,大型重型機車,10951
200710,臺北市,小型輕型機車,1
200710,臺北市,汽車,1371200
200710,臺北市,普通重型機車,967166
200710,臺北市,普通輕型機車,144516
200710,臺北市,普通駕照,1316707
200710,臺北市,機車,1122634
200710,臺北市,職業駕照,54493
200711,臺北市,大型重型機車,11326
200711,臺北市,小型輕型機車,1
200711,臺北市,汽車,1372047
200711,臺北市,普通重型機車,967879
200711,臺北市,普通輕型機車,144266
200711,臺北市,普通駕照,1317785
200711,臺北市,機車,1123472
200711,臺北市,職業駕照,54262
200712,臺北市,大型重型機車,11734
200712,臺北市,小型輕型機車,1
200712,臺北市,汽車,1372978
200712,臺北市,普通重型機車,968802
200712,臺北市,普通輕型機車,143992
200712,臺北市,普通駕照,1318864
200712,臺北市,機車,1124529
200712,臺北市,職業駕照,54114
200801,臺北市,大型重型機車,12072
200801,臺北市,小型輕型機車,1
200801,臺北市,汽車,1374061
200801,臺北市,普通重型機車,969792
200801,臺北市,普通輕型機車,143781
200801,臺北市,普通駕照,1320053
200801,臺北市,機車,1125646
200801,臺北市,職業駕照,54008
200802,臺北市,大型重型機車,12154
200802,臺北市,小型輕型機車,1
200802,臺北市,汽車,1374711
200802,臺北市,普通重型機車,970631
200802,臺北市,普通輕型機車,143643
200802,臺北市,普通駕照,1320796
200802,臺北市,機車,1126429
200802,臺北市,職業駕照,53915
200803,臺北市,大型重型機車,12347
200803,臺北市,小型輕型機車,1
200803,臺北市,汽車,1375334
200803,臺北市,普通重型機車,971414
200803,臺北市,普通輕型機車,143309
200803,臺北市,普通駕照,1321647
200803,臺北市,機車,1127071
200803,臺北市,職業駕照,53687
200804,臺北市,大型重型機車,12516
200804,臺北市,小型輕型機車,1
200804,臺北市,汽車,1376729
200804,臺北市,普通重型機車,972206
200804,臺北市,普通輕型機車,142943
200804,臺北市,普通駕照,1323206
200804,臺北市,機車,1127666
200804,臺北市,職業駕照,53523
200805,臺北市,大型重型機車,12684
200805,臺北市,小型輕型機車,1
200805,臺北市,汽車,1378174
200805,臺北市,普通重型機車,973259
200805,臺北市,普通輕型機車,142719
200805,臺北市,普通駕照,1324851
200805,臺北市,機車,1128663
200805,臺北市,職業駕照,53323
200806,臺北市,大型重型機車,12868
200806,臺北市,小型輕型機車,1
200806,臺北市,汽車,1379904
200806,臺北市,普通重型機車,974873
200806,臺北市,普通輕型機車,142457
200806,臺北市,普通駕照,1326663
200806,臺北市,機車,1130199
200806,臺北市,職業駕照,53241
200807,臺北市,大型重型機車,13065
200807,臺北市,小型輕型機車,1
200807,臺北市,汽車,1382139
200807,臺北市,普通重型機車,977641
200807,臺北市,普通輕型機車,142266
200807,臺北市,普通駕照,1328860
200807,臺北市,機車,1132973
200807,臺北市,職業駕照,53279
200808,臺北市,大型重型機車,13245
200808,臺北市,小型輕型機車,1
200808,臺北市,汽車,1385314
200808,臺北市,普通重型機車,980854
200808,臺北市,普通輕型機車,142181
200808,臺北市,普通駕照,1332010
200808,臺北市,機車,1136281
200808,臺北市,職業駕照,53304
200809,臺北市,大型重型機車,13417
200809,臺北市,小型輕型機車,1
200809,臺北市,汽車,1388352
200809,臺北市,普通重型機車,983101
200809,臺北市,普通輕型機車,142044
200809,臺北市,普通駕照,1335214
200809,臺北市,機車,1138563
200809,臺北市,職業駕照,53138
200810,臺北市,大型重型機車,13576
200810,臺北市,小型輕型機車,1
200810,臺北市,汽車,1389708
200810,臺北市,普通重型機車,984652
200810,臺北市,普通輕型機車,141679
200810,臺北市,普通駕照,1336606
200810,臺北市,機車,1139908
200810,臺北市,職業駕照,53102
200811,臺北市,大型重型機車,13705
200811,臺北市,小型輕型機車,1
200811,臺北市,汽車,1390505
200811,臺北市,普通重型機車,985599
200811,臺北市,普通輕型機車,141435
200811,臺北市,普通駕照,1337561
200811,臺北市,機車,1140740
200811,臺北市,職業駕照,52944
200812,臺北市,大型重型機車,13859
200812,臺北市,小型輕型機車,1
200812,臺北市,汽車,1391251
200812,臺北市,普通重型機車,986536
200812,臺北市,普通輕型機車,141212
200812,臺北市,普通駕照,1338388
200812,臺北市,機車,1141608
200812,臺北市,職業駕照,52863
200901,臺北市,大型重型機車,13959
200901,臺北市,小型輕型機車,1
200901,臺北市,汽車,1392222
200901,臺北市,普通重型機車,987389
200901,臺北市,普通輕型機車,141051
200901,臺北市,普通駕照,1339390
200901,臺北市,機車,1142400
200901,臺北市,職業駕照,52832
200902,臺北市,大型重型機車,14100
200902,臺北市,小型輕型機車,1
200902,臺北市,汽車,1392997
200902,臺北市,普通重型機車,989279
200902,臺北市,普通輕型機車,140807
200902,臺北市,普通駕照,1340239
200902,臺北市,機車,1144187
200902,臺北市,職業駕照,52758
200903,臺北市,大型重型機車,14262
200903,臺北市,小型輕型機車,1
200903,臺北市,汽車,1394857
200903,臺北市,普通重型機車,990667
200903,臺北市,普通輕型機車,140515
200903,臺北市,普通駕照,1342263
200903,臺北市,機車,1145445
200903,臺北市,職業駕照,52594
200904,臺北市,大型重型機車,14352
200904,臺北市,小型輕型機車,1
200904,臺北市,汽車,1396292
200904,臺北市,普通重型機車,991644
200904,臺北市,普通輕型機車,140276
200904,臺北市,普通駕照,1343697
200904,臺北市,機車,1146273
200904,臺北市,職業駕照,52595
200905,臺北市,大型重型機車,14505
200905,臺北市,小型輕型機車,1
200905,臺北市,汽車,1398202
200905,臺北市,普通重型機車,993123
200905,臺北市,普通輕型機車,140037
200905,臺北市,普通駕照,1345777
200905,臺北市,機車,1147666
200905,臺北市,職業駕照,52425
200906,臺北市,大型重型機車,14625
200906,臺北市,小型輕型機車,1
200906,臺北市,汽車,1399984
200906,臺北市,普通重型機車,994463
200906,臺北市,普通輕型機車,139686
200906,臺北市,普通駕照,1347621
200906,臺北市,機車,1148775
200906,臺北市,職業駕照,52363
200907,臺北市,大型重型機車,14778
200907,臺北市,小型輕型機車,1
200907,臺北市,汽車,1402583
200907,臺北市,普通重型機車,998051
200907,臺北市,普通輕型機車,139461
200907,臺北市,普通駕照,1350470
200907,臺北市,機車,1152291
200907,臺北市,職業駕照,52113
200908,臺北市,大型重型機車,14883
200908,臺北市,小型輕型機車,1
200908,臺北市,汽車,1405685
200908,臺北市,普通重型機車,1000818
200908,臺北市,普通輕型機車,139424
200908,臺北市,普通駕照,1353632
200908,臺北市,機車,1155126
200908,臺北市,職業駕照,52053
200909,臺北市,大型重型機車,15025
200909,臺北市,小型輕型機車,1
200909,臺北市,汽車,1408914
200909,臺北市,普通重型機車,1003248
200909,臺北市,普通輕型機車,139216
200909,臺北市,普通駕照,1356895
200909,臺北市,機車,1157490
200909,臺北市,職業駕照,52019
200910,臺北市,大型重型機車,15142
200910,臺北市,小型輕型機車,1
200910,臺北市,汽車,1410047
200910,臺北市,普通重型機車,1004061
200910,臺北市,普通輕型機車,138966
200910,臺北市,普通駕照,1358101
200910,臺北市,機車,1158170
200910,臺北市,職業駕照,51946
200911,臺北市,大型重型機車,15294
200911,臺北市,小型輕型機車,1
200911,臺北市,汽車,1411153
200911,臺北市,普通重型機車,1005241
200911,臺北市,普通輕型機車,138693
200911,臺北市,普通駕照,1359455
200911,臺北市,機車,1159229
200911,臺北市,職業駕照,51698
200912,臺北市,大型重型機車,15430
200912,臺北市,小型輕型機車,1
200912,臺北市,汽車,1412301
200912,臺北市,普通重型機車,1006053
200912,臺北市,普通輕型機車,138444
200912,臺北市,普通駕照,1360745
200912,臺北市,機車,1159928
200912,臺北市,職業駕照,51556
201001,臺北市,大型重型機車,15523
201001,臺北市,小型輕型機車,1
201001,臺北市,汽車,1413292
201001,臺北市,普通重型機車,1007534
201001,臺北市,普通輕型機車,138268
201001,臺北市,普通駕照,1361842
201001,臺北市,機車,1161326
201001,臺北市,職業駕照,51450
201002,臺北市,大型重型機車,15585
201002,臺北市,小型輕型機車,1
201002,臺北市,汽車,1414194
201002,臺北市,普通重型機車,1008408
201002,臺北市,普通輕型機車,138171
201002,臺北市,普通駕照,1362905
201002,臺北市,機車,1162165
201002,臺北市,職業駕照,51289
201003,臺北市,大型重型機車,15865
201003,臺北市,小型輕型機車,1
201003,臺北市,汽車,1416916
201003,臺北市,普通重型機車,1009885
201003,臺北市,普通輕型機車,137909
201003,臺北市,普通駕照,1365703
201003,臺北市,機車,1163660
201003,臺北市,職業駕照,51213
201004,臺北市,大型重型機車,16006
201004,臺北市,小型輕型機車,1
201004,臺北市,汽車,1418504
201004,臺北市,普通重型機車,1010451
201004,臺北市,普通輕型機車,137702
201004,臺北市,普通駕照,1367375
201004,臺北市,機車,1164160
201004,臺北市,職業駕照,51129
201005,臺北市,大型重型機車,16158
201005,臺北市,小型輕型機車,1
201005,臺北市,汽車,1419768
201005,臺北市,普通重型機車,1011469
201005,臺北市,普通輕型機車,137491
201005,臺北市,普通駕照,1368712
201005,臺北市,機車,1165119
201005,臺北市,職業駕照,51056
201006,臺北市,大型重型機車,16254
201006,臺北市,小型輕型機車,1
201006,臺北市,汽車,1422160
201006,臺北市,普通重型機車,1013174
201006,臺北市,普通輕型機車,137321
201006,臺北市,普通駕照,1371180
201006,臺北市,機車,1166750
201006,臺北市,職業駕照,50980
201007,臺北市,大型重型機車,16409
201007,臺北市,小型輕型機車,1
201007,臺北市,汽車,1424425
201007,臺北市,普通重型機車,1016165
201007,臺北市,普通輕型機車,137151
201007,臺北市,普通駕照,1373544
201007,臺北市,機車,1169726
201007,臺北市,職業駕照,50881
201008,臺北市,大型重型機車,16574
201008,臺北市,小型輕型機車,1
201008,臺北市,汽車,1427755
201008,臺北市,普通重型機車,1018952
201008,臺北市,普通輕型機車,137007
201008,臺北市,普通駕照,1377005
201008,臺北市,機車,1172534
201008,臺北市,職業駕照,50750
201009,臺北市,大型重型機車,16749
201009,臺北市,小型輕型機車,1
201009,臺北市,汽車,1431022
201009,臺北市,普通重型機車,1021387
201009,臺北市,普通輕型機車,136810
201009,臺北市,普通駕照,1380381
201009,臺北市,機車,1174947
201009,臺北市,職業駕照,50641
201010,臺北市,大型重型機車,16883
201010,臺北市,小型輕型機車,1
201010,臺北市,汽車,1432355
201010,臺北市,普通重型機車,1022188
201010,臺北市,普通輕型機車,136642
201010,臺北市,普通駕照,1381773
201010,臺北市,機車,1175714
201010,臺北市,職業駕照,50582
201011,臺北市,大型重型機車,17035
201011,臺北市,小型輕型機車,1
201011,臺北市,汽車,1434786
201011,臺北市,普通重型機車,1024227
201011,臺北市,普通輕型機車,136533
201011,臺北市,普通駕照,1384303
201011,臺北市,機車,1177796
201011,臺北市,職業駕照,50483
201012,臺北市,大型重型機車,17185
201012,臺北市,小型輕型機車,1
201012,臺北市,汽車,1436576
201012,臺北市,普通重型機車,1025388
201012,臺北市,普通輕型機車,136217
201012,臺北市,普通駕照,1386184
201012,臺北市,機車,1178791
201012,臺北市,職業駕照,50392
201101,臺北市,大型重型機車,17287
201101,臺北市,小型輕型機車,1
201101,臺北市,汽車,1437725
201101,臺北市,普通重型機車,1026509
201101,臺北市,普通輕型機車,136102
201101,臺北市,普通駕照,1387544
201101,臺北市,機車,1179899
201101,臺北市,職業駕照,50181
201102,臺北市,大型重型機車,17373
201102,臺北市,小型輕型機車,1
201102,臺北市,汽車,1439212
201102,臺北市,普通重型機車,1027668
201102,臺北市,普通輕型機車,136011
201102,臺北市,普通駕照,1389125
201102,臺北市,機車,1181053
201102,臺北市,職業駕照,50087
201103,臺北市,大型重型機車,17536
201103,臺北市,小型輕型機車,1
201103,臺北市,汽車,1440800
201103,臺北市,普通重型機車,1028701
201103,臺北市,普通輕型機車,135805
201103,臺北市,普通駕照,1390814
201103,臺北市,機車,1182043
201103,臺北市,職業駕照,49986
201104,臺北市,大型重型機車,17747
201104,臺北市,小型輕型機車,1
201104,臺北市,汽車,1442581
201104,臺北市,普通重型機車,1029459
201104,臺北市,普通輕型機車,135528
201104,臺北市,普通駕照,1392764
201104,臺北市,機車,1182735
201104,臺北市,職業駕照,49817
201105,臺北市,大型重型機車,17941
201105,臺北市,小型輕型機車,1
201105,臺北市,汽車,1444390
201105,臺北市,普通重型機車,1030700
201105,臺北市,普通輕型機車,135370
201105,臺北市,普通駕照,1394690
201105,臺北市,機車,1184012
201105,臺北市,職業駕照,49700
201106,臺北市,大型重型機車,18126
201106,臺北市,小型輕型機車,1
201106,臺北市,汽車,1447307
201106,臺北市,普通重型機車,1032920
201106,臺北市,普通輕型機車,135221
201106,臺北市,普通駕照,1397607
201106,臺北市,機車,1186268
201106,臺北市,職業駕照,49700
201107,臺北市,大型重型機車,18382
201107,臺北市,小型輕型機車,1
201107,臺北市,汽車,1450800
201107,臺北市,普通重型機車,1036155
201107,臺北市,普通輕型機車,134997
201107,臺北市,普通駕照,1401138
201107,臺北市,機車,1189535
201107,臺北市,職業駕照,49662
201108,臺北市,大型重型機車,18602
201108,臺北市,小型輕型機車,1
201108,臺北市,汽車,1455649
201108,臺北市,普通重型機車,1039897
201108,臺北市,普通輕型機車,134879
201108,臺北市,普通駕照,1406037
201108,臺北市,機車,1193379
201108,臺北市,職業駕照,49612
201109,臺北市,大型重型機車,18726
201109,臺北市,小型輕型機車,1
201109,臺北市,汽車,1458027
201109,臺北市,普通重型機車,1041088
201109,臺北市,普通輕型機車,134708
201109,臺北市,普通駕照,1408445
201109,臺北市,機車,1194523
201109,臺北市,職業駕照,49582
201110,臺北市,大型重型機車,18936
201110,臺北市,小型輕型機車,1
201110,臺北市,汽車,1459875
201110,臺北市,普通重型機車,1041985
201110,臺北市,普通輕型機車,134446
201110,臺北市,普通駕照,1410326
201110,臺北市,機車,1195368
201110,臺北市,職業駕照,49549
201111,臺北市,大型重型機車,19231
201111,臺北市,小型輕型機車,1
201111,臺北市,汽車,1461732
201111,臺北市,普通重型機車,1042950
201111,臺北市,普通輕型機車,134190
201111,臺北市,普通駕照,1412208
201111,臺北市,機車,1196372
201111,臺北市,職業駕照,49524
201112,臺北市,大型重型機車,19400
201112,臺北市,小型輕型機車,1
201112,臺北市,汽車,1462742
201112,臺北市,普通重型機車,1043410
201112,臺北市,普通輕型機車,134064
201112,臺北市,普通駕照,1413284
201112,臺北市,機車,1196875
201112,臺北市,職業駕照,49458
201201,臺北市,大型重型機車,19483
201201,臺北市,小型輕型機車,1
201201,臺北市,汽車,1463648
201201,臺北市,普通重型機車,1044606
201201,臺北市,普通輕型機車,133913
201201,臺北市,普通駕照,1414280
201201,臺北市,機車,1198003
201201,臺北市,職業駕照,49368
201202,臺北市,大型重型機車,19722
201202,臺北市,小型輕型機車,1
201202,臺北市,汽車,1465027
201202,臺北市,普通重型機車,1046214
201202,臺北市,普通輕型機車,133702
201202,臺北市,普通駕照,1415703
201202,臺北市,機車,1199639
201202,臺北市,職業駕照,49324
201203,臺北市,大型重型機車,19943
201203,臺北市,小型輕型機車,1
201203,臺北市,汽車,1466525
201203,臺北市,普通重型機車,1047160
201203,臺北市,普通輕型機車,133517
201203,臺北市,普通駕照,1417238
201203,臺北市,機車,1200621
201203,臺北市,職業駕照,49287
201204,臺北市,大型重型機車,20205
201204,臺北市,小型輕型機車,1
201204,臺北市,汽車,1468385
201204,臺北市,普通重型機車,1047874
201204,臺北市,普通輕型機車,133223
201204,臺北市,普通駕照,1419164
201204,臺北市,機車,1201303
201204,臺北市,職業駕照,49221
201205,臺北市,大型重型機車,20397
201205,臺北市,小型輕型機車,1
201205,臺北市,汽車,1469368
201205,臺北市,普通重型機車,1048553
201205,臺北市,普通輕型機車,133072
201205,臺北市,普通駕照,1420250
201205,臺北市,機車,1202023
201205,臺北市,職業駕照,49118
201206,臺北市,大型重型機車,20594
201206,臺北市,小型輕型機車,1
201206,臺北市,汽車,1471058
201206,臺北市,普通重型機車,1049920
201206,臺北市,普通輕型機車,132926
201206,臺北市,普通駕照,1421960
201206,臺北市,機車,1203441
201206,臺北市,職業駕照,49098
201207,臺北市,大型重型機車,20922
201207,臺北市,小型輕型機車,1
201207,臺北市,汽車,1473777
201207,臺北市,普通重型機車,1052586
201207,臺北市,普通輕型機車,132732
201207,臺北市,普通駕照,1424718
201207,臺北市,機車,1206241
201207,臺北市,職業駕照,49059
201208,臺北市,大型重型機車,21330
201208,臺北市,小型輕型機車,1
201208,臺北市,汽車,1477551
201208,臺北市,普通重型機車,1055027
201208,臺北市,普通輕型機車,132526
201208,臺北市,普通駕照,1428499
201208,臺北市,機車,1208884
201208,臺北市,職業駕照,49052
201209,臺北市,大型重型機車,21914
201209,臺北市,小型輕型機車,1
201209,臺北市,汽車,1481392
201209,臺北市,普通重型機車,1057244
201209,臺北市,普通輕型機車,132104
201209,臺北市,普通駕照,1432356
201209,臺北市,機車,1211263
201209,臺北市,職業駕照,49036
201210,臺北市,大型重型機車,22595
201210,臺北市,小型輕型機車,1
201210,臺北市,汽車,1482661
201210,臺北市,普通重型機車,1057837
201210,臺北市,普通輕型機車,131745
201210,臺北市,普通駕照,1433677
201210,臺北市,機車,1212178
201210,臺北市,職業駕照,48984
201211,臺北市,大型重型機車,23226
201211,臺北市,小型輕型機車,1
201211,臺北市,汽車,1483656
201211,臺北市,普通重型機車,1058140
201211,臺北市,普通輕型機車,131578
201211,臺北市,普通駕照,1434770
201211,臺北市,機車,1212945
201211,臺北市,職業駕照,48886
201212,臺北市,大型重型機車,23754
201212,臺北市,小型輕型機車,1
201212,臺北市,汽車,1484349
201212,臺北市,普通重型機車,1058107
201212,臺北市,普通輕型機車,131433
201212,臺北市,普通駕照,1435545
201212,臺北市,機車,1213295
201212,臺北市,職業駕照,48804
201301,臺北市,大型重型機車,24551
201301,臺北市,小型輕型機車,1
201301,臺北市,汽車,1485886
201301,臺北市,普通重型機車,1059895
201301,臺北市,普通輕型機車,131090
201301,臺北市,普通駕照,1437230
201301,臺北市,機車,1215537
201301,臺北市,職業駕照,48656
201302,臺北市,大型重型機車,24765
201302,臺北市,小型輕型機車,2
201302,臺北市,汽車,1486387
201302,臺北市,普通重型機車,1060125
201302,臺北市,普通輕型機車,131004
201302,臺北市,普通駕照,1437771
201302,臺北市,機車,1215896
201302,臺北市,職業駕照,48616
201303,臺北市,大型重型機車,25590
201303,臺北市,小型輕型機車,2
201303,臺北市,汽車,1488156
201303,臺北市,普通重型機車,1061141
201303,臺北市,普通輕型機車,130622
201303,臺北市,普通駕照,1439618
201303,臺北市,機車,1217355
201303,臺北市,職業駕照,48538
201304,臺北市,大型重型機車,25778
201304,臺北市,小型輕型機車,2
201304,臺北市,汽車,1488933
201304,臺北市,普通重型機車,1061213
201304,臺北市,普通輕型機車,130535
201304,臺北市,普通駕照,1440373
201304,臺北市,機車,1217528
201304,臺北市,職業駕照,48560
201305,臺北市,大型重型機車,26290
201305,臺北市,小型輕型機車,2
201305,臺北市,汽車,1490842
201305,臺北市,普通重型機車,1061740
201305,臺北市,普通輕型機車,130294
201305,臺北市,普通駕照,1442317
201305,臺北市,機車,1218326
201305,臺北市,職業駕照,48525
201306,臺北市,大型重型機車,27088
201306,臺北市,小型輕型機車,2
201306,臺北市,汽車,1493539
201306,臺北市,普通重型機車,1063800
201306,臺北市,普通輕型機車,129912
201306,臺北市,普通駕照,1445105
201306,臺北市,機車,1220802
201306,臺北市,職業駕照,48434
201307,臺北市,大型重型機車,27761
201307,臺北市,小型輕型機車,2
201307,臺北市,汽車,1496100
201307,臺北市,普通重型機車,1065350
201307,臺北市,普通輕型機車,129577
201307,臺北市,普通駕照,1447763
201307,臺北市,機車,1222690
201307,臺北市,職業駕照,48337
201308,臺北市,大型重型機車,28166
201308,臺北市,小型輕型機車,2
201308,臺北市,汽車,1498984
201308,臺北市,普通重型機車,1066922
201308,臺北市,普通輕型機車,129142
201308,臺北市,普通駕照,1450686
201308,臺北市,機車,1224232
201308,臺北市,職業駕照,48298
201309,臺北市,大型重型機車,28394
201309,臺北市,小型輕型機車,2
201309,臺北市,汽車,1499826
201309,臺北市,普通重型機車,1066750
201309,臺北市,普通輕型機車,128983
201309,臺北市,普通駕照,1451567
201309,臺北市,機車,1224129
201309,臺北市,職業駕照,48259
201310,臺北市,大型重型機車,28939
201310,臺北市,小型輕型機車,2
201310,臺北市,汽車,1500788
201310,臺北市,普通重型機車,1066771
201310,臺北市,普通輕型機車,128679
201310,臺北市,普通駕照,1452582
201310,臺北市,機車,1224391
201310,臺北市,職業駕照,48206
201311,臺北市,大型重型機車,29469
201311,臺北市,小型輕型機車,1
201311,臺北市,汽車,1501628
201311,臺北市,普通重型機車,1066924
201311,臺北市,普通輕型機車,128419
201311,臺北市,普通駕照,1453550
201311,臺北市,機車,1224813
201311,臺北市,職業駕照,48078
201312,臺北市,大型重型機車,30036
201312,臺北市,小型輕型機車,1
201312,臺北市,汽車,1501652
201312,臺北市,普通重型機車,1066142
201312,臺北市,普通輕型機車,128069
201312,臺北市,普通駕照,1453715
201312,臺北市,機車,1224248
201312,臺北市,職業駕照,47937
201401,臺北市,大型重型機車,30375
201401,臺北市,小型輕型機車,1
201401,臺北市,汽車,1502283
201401,臺北市,普通重型機車,1066567
201401,臺北市,普通輕型機車,127902
201401,臺北市,普通駕照,1454425
201401,臺北市,機車,1224845
201401,臺北市,職業駕照,47858
201402,臺北市,大型重型機車,30687
201402,臺北市,小型輕型機車,0
201402,臺北市,汽車,1503468
201402,臺北市,普通重型機車,1067389
201402,臺北市,普通輕型機車,127704
201402,臺北市,普通駕照,1455664
201402,臺北市,機車,1225780
201402,臺北市,職業駕照,47804
201403,臺北市,大型重型機車,31112
201403,臺北市,小型輕型機車,0
201403,臺北市,汽車,1504648
201403,臺北市,普通重型機車,1067975
201403,臺北市,普通輕型機車,127430
201403,臺北市,普通駕照,1456851
201403,臺北市,機車,1226517
201403,臺北市,職業駕照,47797
201404,臺北市,大型重型機車,31422
201404,臺北市,小型輕型機車,0
201404,臺北市,汽車,1506167
201404,臺北市,普通重型機車,1068561
201404,臺北市,普通輕型機車,127133
201404,臺北市,普通駕照,1458366
201404,臺北市,機車,1227116
201404,臺北市,職業駕照,47801
201405,臺北市,大型重型機車,31896
201405,臺北市,小型輕型機車,0
201405,臺北市,汽車,1508060
201405,臺北市,普通重型機車,1069148
201405,臺北市,普通輕型機車,126866
201405,臺北市,普通駕照,1460293
201405,臺北市,機車,1227910
201405,臺北市,職業駕照,47767
201406,臺北市,大型重型機車,32272
201406,臺北市,小型輕型機車,0
201406,臺北市,汽車,1509849
201406,臺北市,普通重型機車,1070664
201406,臺北市,普通輕型機車,126657
201406,臺北市,普通駕照,1462112
201406,臺北市,機車,1229593
201406,臺北市,職業駕照,47737
201407,臺北市,大型重型機車,32747
201407,臺北市,小型輕型機車,1
201407,臺北市,汽車,1511913
201407,臺北市,普通重型機車,1072372
201407,臺北市,普通輕型機車,126446
201407,臺北市,普通駕照,1464247
201407,臺北市,機車,1231566
201407,臺北市,職業駕照,47666
201408,臺北市,大型重型機車,33219
201408,臺北市,小型輕型機車,1
201408,臺北市,汽車,1515505
201408,臺北市,普通重型機車,1075249
201408,臺北市,普通輕型機車,126236
201408,臺北市,普通駕照,1467799
201408,臺北市,機車,1234705
201408,臺北市,職業駕照,47706
201409,臺北市,大型重型機車,33787
201409,臺北市,小型輕型機車,1
201409,臺北市,汽車,1519036
201409,臺北市,普通重型機車,1077324
201409,臺北市,普通輕型機車,125973
201409,臺北市,普通駕照,1471277
201409,臺北市,機車,1237085
201409,臺北市,職業駕照,47759
201410,臺北市,大型重型機車,34332
201410,臺北市,小型輕型機車,0
201410,臺北市,汽車,1521578
201410,臺北市,普通重型機車,1078869
201410,臺北市,普通輕型機車,125662
201410,臺北市,普通駕照,1473780
201410,臺北市,機車,1238863
201410,臺北市,職業駕照,47798
201411,臺北市,大型重型機車,34847
201411,臺北市,小型輕型機車,0
201411,臺北市,汽車,1523485
201411,臺北市,普通重型機車,1080560
201411,臺北市,普通輕型機車,125302
201411,臺北市,普通駕照,1475737
201411,臺北市,機車,1240709
201411,臺北市,職業駕照,47748
201412,臺北市,大型重型機車,35469
201412,臺北市,小型輕型機車,0
201412,臺北市,汽車,1525128
201412,臺北市,普通重型機車,1083094
201412,臺北市,普通輕型機車,124945
201412,臺北市,普通駕照,1477394
201412,臺北市,機車,1243508
201412,臺北市,職業駕照,47734
201501,臺北市,大型重型機車,35835
201501,臺北市,小型輕型機車,0
201501,臺北市,汽車,1529900
201501,臺北市,普通重型機車,1085894
201501,臺北市,普通輕型機車,125179
201501,臺北市,普通駕照,1482093
201501,臺北市,機車,1246908
201501,臺北市,職業駕照,47807
201502,臺北市,大型重型機車,36043
201502,臺北市,小型輕型機車,0
201502,臺北市,汽車,1524597
201502,臺北市,普通重型機車,1082374
201502,臺北市,普通輕型機車,124386
201502,臺北市,普通駕照,1477110
201502,臺北市,機車,1242803
201502,臺北市,職業駕照,47487
201503,臺北市,大型重型機車,36442
201503,臺北市,小型輕型機車,0
201503,臺北市,汽車,1526422
201503,臺北市,普通重型機車,1082792
201503,臺北市,普通輕型機車,124134
201503,臺北市,普通駕照,1479023
201503,臺北市,機車,1243368
201503,臺北市,職業駕照,47399
201504,臺北市,大型重型機車,36891
201504,臺北市,小型輕型機車,0
201504,臺北市,汽車,1527828
201504,臺北市,普通重型機車,1083199
201504,臺北市,普通輕型機車,123821
201504,臺北市,普通駕照,1480538
201504,臺北市,機車,1243911
201504,臺北市,職業駕照,47290
201505,臺北市,大型重型機車,37304
201505,臺北市,小型輕型機車,1
201505,臺北市,汽車,1529795
201505,臺北市,普通重型機車,1084179
201505,臺北市,普通輕型機車,123572
201505,臺北市,普通駕照,1482595
201505,臺北市,機車,1245056
201505,臺北市,職業駕照,47200
201506,臺北市,大型重型機車,37786
201506,臺北市,小型輕型機車,0
201506,臺北市,汽車,1532283
201506,臺北市,普通重型機車,1087451
201506,臺北市,普通輕型機車,123360
201506,臺北市,普通駕照,1485175
201506,臺北市,機車,1248597
201506,臺北市,職業駕照,47108
201507,臺北市,大型重型機車,38350
201507,臺北市,小型輕型機車,0
201507,臺北市,汽車,1534248
201507,臺北市,普通重型機車,1088619
201507,臺北市,普通輕型機車,123049
201507,臺北市,普通駕照,1487259
201507,臺北市,機車,1250018
201507,臺北市,職業駕照,46989
201508,臺北市,大型重型機車,38785
201508,臺北市,小型輕型機車,0
201508,臺北市,汽車,1537502
201508,臺北市,普通重型機車,1089509
201508,臺北市,普通輕型機車,122821
201508,臺北市,普通駕照,1490550
201508,臺北市,機車,1251115
201508,臺北市,職業駕照,46952
201509,臺北市,大型重型機車,39172
201509,臺北市,小型輕型機車,0
201509,臺北市,汽車,1540089
201509,臺北市,普通重型機車,1090049
201509,臺北市,普通輕型機車,122603
201509,臺北市,普通駕照,1493228
201509,臺北市,機車,1251824
201509,臺北市,職業駕照,46861
201510,臺北市,大型重型機車,39705
201510,臺北市,小型輕型機車,0
201510,臺北市,汽車,1542382
201510,臺北市,普通重型機車,1090711
201510,臺北市,普通輕型機車,122418
201510,臺北市,普通駕照,1495558
201510,臺北市,機車,1252834
201510,臺北市,職業駕照,46824
201511,臺北市,大型重型機車,40194
201511,臺北市,小型輕型機車,0
201511,臺北市,汽車,1544000
201511,臺北市,普通重型機車,1091468
201511,臺北市,普通輕型機車,122187
201511,臺北市,普通駕照,1497233
201511,臺北市,機車,1253849
201511,臺北市,職業駕照,46767
201512,臺北市,大型重型機車,40788
201512,臺北市,小型輕型機車,0
201512,臺北市,汽車,1545368
201512,臺北市,普通重型機車,1092031
201512,臺北市,普通輕型機車,121750
201512,臺北市,普通駕照,1498657
201512,臺北市,機車,1254569
201512,臺北市,職業駕照,46711
201601,臺北市,大型重型機車,41159
201601,臺北市,小型輕型機車,0
201601,臺北市,汽車,1546312
201601,臺北市,普通重型機車,1092304
201601,臺北市,普通輕型機車,121505
201601,臺北市,普通駕照,1499657
201601,臺北市,機車,1254968
201601,臺北市,職業駕照,46655
201602,臺北市,大型重型機車,41366
201602,臺北市,小型輕型機車,0
201602,臺北市,汽車,1547858
201602,臺北市,普通重型機車,1092829
201602,臺北市,普通輕型機車,121392
201602,臺北市,普通駕照,1501310
201602,臺北市,機車,1255587
201602,臺北市,職業駕照,46548
201603,臺北市,大型重型機車,41831
201603,臺北市,小型輕型機車,0
201603,臺北市,汽車,1549514
201603,臺北市,普通重型機車,1093339
201603,臺北市,普通輕型機車,121138
201603,臺北市,普通駕照,1503049
201603,臺北市,機車,1256308
201603,臺北市,職業駕照,46465
201604,臺北市,大型重型機車,42168
201604,臺北市,小型輕型機車,0
201604,臺北市,汽車,1551325
201604,臺北市,普通重型機車,1094328
201604,臺北市,普通輕型機車,120796
201604,臺北市,普通駕照,1504877
201604,臺北市,機車,1257292
201604,臺北市,職業駕照,46448
201605,臺北市,大型重型機車,42630
201605,臺北市,小型輕型機車,0
201605,臺北市,汽車,1553254
201605,臺北市,普通重型機車,1097513
201605,臺北市,普通輕型機車,120060
201605,臺北市,普通駕照,1506839
201605,臺北市,機車,1260203
201605,臺北市,職業駕照,46415
201606,臺北市,大型重型機車,43045
201606,臺北市,小型輕型機車,0
201606,臺北市,汽車,1555407
201606,臺北市,普通重型機車,1097896
201606,臺北市,普通輕型機車,119923
201606,臺北市,普通駕照,1509024
201606,臺北市,機車,1260864
201606,臺北市,職業駕照,46383
201607,臺北市,大型重型機車,43452
201607,臺北市,小型輕型機車,0
201607,臺北市,汽車,1557924
201607,臺北市,普通重型機車,1098338
201607,臺北市,普通輕型機車,119768
201607,臺北市,普通駕照,1511577
201607,臺北市,機車,1261558
201607,臺北市,職業駕照,46347
201608,臺北市,大型重型機車,43911
201608,臺北市,小型輕型機車,0
201608,臺北市,汽車,1559588
201608,臺北市,普通重型機車,1097400
201608,臺北市,普通輕型機車,119409
201608,臺北市,普通駕照,1513333
201608,臺北市,機車,1260720
201608,臺北市,職業駕照,46255
201609,臺北市,大型重型機車,44222
201609,臺北市,小型輕型機車,0
201609,臺北市,汽車,1562461
201609,臺北市,普通重型機車,1097902
201609,臺北市,普通輕型機車,119289
201609,臺北市,普通駕照,1516286
201609,臺北市,機車,1261413
201609,臺北市,職業駕照,46175
201610,臺北市,大型重型機車,44581
201610,臺北市,小型輕型機車,0
201610,臺北市,汽車,1565404
201610,臺北市,普通重型機車,1098699
201610,臺北市,普通輕型機車,119157
201610,臺北市,普通駕照,1519271
201610,臺北市,機車,1262437
201610,臺北市,職業駕照,46133
201611,臺北市,大型重型機車,44943
201611,臺北市,小型輕型機車,0
201611,臺北市,汽車,1567577
201611,臺北市,普通重型機車,1099061
201611,臺北市,普通輕型機車,119043
201611,臺北市,普通駕照,1521523
201611,臺北市,機車,1263047
201611,臺北市,職業駕照,46054
201612,臺北市,大型重型機車,45303
201612,臺北市,小型輕型機車,0
201612,臺北市,汽車,1570043
201612,臺北市,普通重型機車,1099599
201612,臺北市,普通輕型機車,118924
201612,臺北市,普通駕照,1524004
201612,臺北市,機車,1263826
201612,臺北市,職業駕照,46039
201701,臺北市,大型重型機車,45625
201701,臺北市,小型輕型機車,0
201701,臺北市,汽車,1571314
201701,臺北市,普通重型機車,1099464
201701,臺北市,普通輕型機車,118813
201701,臺北市,普通駕照,1525397
201701,臺北市,機車,1263902
201701,臺北市,職業駕照,45917
201702,臺北市,大型重型機車,45895
201702,臺北市,小型輕型機車,0
201702,臺北市,汽車,1573064
201702,臺北市,普通重型機車,1100462
201702,臺北市,普通輕型機車,118746
201702,臺北市,普通駕照,1527209
201702,臺北市,機車,1265103
201702,臺北市,職業駕照,45855
201703,臺北市,大型重型機車,46343
201703,臺北市,小型輕型機車,0
201703,臺北市,汽車,1576293
201703,臺北市,普通重型機車,1101355
201703,臺北市,普通輕型機車,118678
201703,臺北市,普通駕照,1530390
201703,臺北市,機車,1266376
201703,臺北市,職業駕照,45903
201704,臺北市,大型重型機車,46629
201704,臺北市,小型輕型機車,0
201704,臺北市,汽車,1578724
201704,臺北市,普通重型機車,1101817
201704,臺北市,普通輕型機車,118576
201704,臺北市,普通駕照,1532827
201704,臺北市,機車,1267022
201704,臺北市,職業駕照,45897
201705,臺北市,大型重型機車,47011
201705,臺北市,小型輕型機車,0
201705,臺北市,汽車,1583675
201705,臺北市,普通重型機車,1103379
201705,臺北市,普通輕型機車,118525
201705,臺北市,普通駕照,1537712
201705,臺北市,機車,1268915
201705,臺北市,職業駕照,45963
201706,臺北市,大型重型機車,47370
201706,臺北市,小型輕型機車,0
201706,臺北市,汽車,1586659
201706,臺北市,普通重型機車,1104975
201706,臺北市,普通輕型機車,118457
201706,臺北市,普通駕照,1540796
201706,臺北市,機車,1270802
201706,臺北市,職業駕照,45863
201707,臺北市,大型重型機車,47750
201707,臺北市,小型輕型機車,0
201707,臺北市,汽車,1588852
201707,臺北市,普通重型機車,1107132
201707,臺北市,普通輕型機車,118358
201707,臺北市,普通駕照,1543185
201707,臺北市,機車,1273240
201707,臺北市,職業駕照,45667
201708,臺北市,大型重型機車,48241
201708,臺北市,小型輕型機車,0
201708,臺北市,汽車,1592450
201708,臺北市,普通重型機車,1109145
201708,臺北市,普通輕型機車,118187
201708,臺北市,普通駕照,1546747
201708,臺北市,機車,1275573
201708,臺北市,職業駕照,45703
201709,臺北市,大型重型機車,48571
201709,臺北市,小型輕型機車,0
201709,臺北市,汽車,1595887
201709,臺北市,普通重型機車,1110894
201709,臺北市,普通輕型機車,118107
201709,臺北市,普通駕照,1550083
201709,臺北市,機車,1277572
201709,臺北市,職業駕照,45804
201710,臺北市,大型重型機車,48908
201710,臺北市,小型輕型機車,0
201710,臺北市,汽車,1597665
201710,臺北市,普通重型機車,1111964
201710,臺北市,普通輕型機車,118052
201710,臺北市,普通駕照,1551815
201710,臺北市,機車,1278924
201710,臺北市,職業駕照,45850
201711,臺北市,大型重型機車,49208
201711,臺北市,小型輕型機車,0
201711,臺北市,汽車,1599072
201711,臺北市,普通重型機車,1112980
201711,臺北市,普通輕型機車,117982
201711,臺北市,普通駕照,1553288
201711,臺北市,機車,1280170
201711,臺北市,職業駕照,45784
201712,臺北市,大型重型機車,49452
201712,臺北市,小型輕型機車,0
201712,臺北市,汽車,1600666
201712,臺北市,普通重型機車,1113965
201712,臺北市,普通輕型機車,117926
201712,臺北市,普通駕照,1554950
201712,臺北市,機車,1281343
201712,臺北市,職業駕照,45716
201801,臺北市,大型重型機車,49662
201801,臺北市,小型輕型機車,0
201801,臺北市,汽車,1600650
201801,臺北市,普通重型機車,1113116
201801,臺北市,普通輕型機車,117553
201801,臺北市,普通駕照,1554923
201801,臺北市,機車,1280331
201801,臺北市,職業駕照,45727
201802,臺北市,大型重型機車,49745
201802,臺北市,小型輕型機車,0
201802,臺北市,汽車,1600827
201802,臺北市,普通重型機車,1113377
201802,臺北市,普通輕型機車,117474
201802,臺北市,普通駕照,1555261
201802,臺北市,機車,1280596
201802,臺北市,職業駕照,45566
201803,臺北市,大型重型機車,50061
201803,臺北市,小型輕型機車,0
201803,臺北市,汽車,1603551
201803,臺北市,普通重型機車,1114823
201803,臺北市,普通輕型機車,117368
201803,臺北市,普通駕照,1557811
201803,臺北市,機車,1282252
201803,臺北市,職業駕照,45740
201804,臺北市,大型重型機車,50347
201804,臺北市,小型輕型機車,0
201804,臺北市,汽車,1604661
201804,臺北市,普通重型機車,1115053
201804,臺北市,普通輕型機車,117251
201804,臺北市,普通駕照,1558970
201804,臺北市,機車,1282651
201804,臺北市,職業駕照,45691
201805,臺北市,大型重型機車,50685
201805,臺北市,小型輕型機車,0
201805,臺北市,汽車,1606315
201805,臺北市,普通重型機車,1116036
201805,臺北市,普通輕型機車,117104
201805,臺北市,普通駕照,1560612
201805,臺北市,機車,1283825
201805,臺北市,職業駕照,45703
201806,臺北市,大型重型機車,50992
201806,臺北市,小型輕型機車,0
201806,臺北市,汽車,1608115
201806,臺北市,普通重型機車,1117246
201806,臺北市,普通輕型機車,116997
201806,臺北市,普通駕照,1562420
201806,臺北市,機車,1285235
201806,臺北市,職業駕照,45695
201807,臺北市,大型重型機車,51314
201807,臺北市,小型輕型機車,0
201807,臺北市,汽車,1609619
201807,臺北市,普通重型機車,1118550
201807,臺北市,普通輕型機車,116828
201807,臺北市,普通駕照,1563957
201807,臺北市,機車,1286692
201807,臺北市,職業駕照,45662
201808,臺北市,大型重型機車,51745
201808,臺北市,小型輕型機車,0
201808,臺北市,汽車,1613038
201808,臺北市,普通重型機車,1120605
201808,臺北市,普通輕型機車,116697
201808,臺北市,普通駕照,1567339
201808,臺北市,機車,1289047
201808,臺北市,職業駕照,45699
201809,臺北市,大型重型機車,52011
201809,臺北市,小型輕型機車,0
201809,臺北市,汽車,1615377
201809,臺北市,普通重型機車,1121319
201809,臺北市,普通輕型機車,116589
201809,臺北市,普通駕照,1569699
201809,臺北市,機車,1289919
201809,臺北市,職業駕照,45678
201810,臺北市,大型重型機車,52267
201810,臺北市,小型輕型機車,0
201810,臺北市,汽車,1616538
201810,臺北市,普通重型機車,1122225
201810,臺北市,普通輕型機車,116468
201810,臺北市,普通駕照,1570913
201810,臺北市,機車,1290960
201810,臺北市,職業駕照,45625
201811,臺北市,大型重型機車,52505
201811,臺北市,小型輕型機車,0
201811,臺北市,汽車,1616883
201811,臺北市,普通重型機車,1122805
201811,臺北市,普通輕型機車,116313
201811,臺北市,普通駕照,1571226
201811,臺北市,機車,1291623
201811,臺北市,職業駕照,45657
201812,臺北市,大型重型機車,52702
201812,臺北市,小型輕型機車,0
201812,臺北市,汽車,1617787
201812,臺北市,普通重型機車,1123431
201812,臺北市,普通輕型機車,116146
201812,臺北市,普通駕照,1572157
201812,臺北市,機車,1292279
201812,臺北市,職業駕照,45630
201901,臺北市,大型重型機車,52958
201901,臺北市,小型輕型機車,0
201901,臺北市,汽車,1618721
201901,臺北市,普通重型機車,1124072
201901,臺北市,普通輕型機車,116059
201901,臺北市,普通駕照,1573082
201901,臺北市,機車,1293089
201901,臺北市,職業駕照,45639
201902,臺北市,大型重型機車,53101
201902,臺北市,小型輕型機車,0
201902,臺北市,汽車,1619162
201902,臺北市,普通重型機車,1124624
201902,臺北市,普通輕型機車,115990
201902,臺北市,普通駕照,1573548
201902,臺北市,機車,1293715
201902,臺北市,職業駕照,45614
201903,臺北市,大型重型機車,53364
201903,臺北市,小型輕型機車,0
201903,臺北市,汽車,1619638
201903,臺北市,普通重型機車,1125062
201903,臺北市,普通輕型機車,115859
201903,臺北市,普通駕照,1574421
201903,臺北市,機車,1294285
201903,臺北市,職業駕照,45217
201904,臺北市,大型重型機車,53576
201904,臺北市,小型輕型機車,0
201904,臺北市,汽車,1621045
201904,臺北市,普通重型機車,1125976
201904,臺北市,普通輕型機車,115719
201904,臺北市,普通駕照,1575897
201904,臺北市,機車,1295271
201904,臺北市,職業駕照,45148
201905,臺北市,大型重型機車,53798
201905,臺北市,小型輕型機車,0
201905,臺北市,汽車,1621753
201905,臺北市,普通重型機車,1126627
201905,臺北市,普通輕型機車,115525
201905,臺北市,普通駕照,1576605
201905,臺北市,機車,1295950
201905,臺北市,職業駕照,45148
201906,臺北市,大型重型機車,53986
201906,臺北市,小型輕型機車,0
201906,臺北市,汽車,1622838
201906,臺北市,普通重型機車,1127089
201906,臺北市,普通輕型機車,115425
201906,臺北市,普通駕照,1577762
201906,臺北市,機車,1296500
201906,臺北市,職業駕照,45076
201907,臺北市,大型重型機車,54265
201907,臺北市,小型輕型機車,0
201907,臺北市,汽車,1624904
201907,臺北市,普通重型機車,1128007
201907,臺北市,普通輕型機車,115256
201907,臺北市,普通駕照,1579823
201907,臺北市,機車,1297528
201907,臺北市,職業駕照,45081
201908,臺北市,大型重型機車,54504
201908,臺北市,小型輕型機車,0
201908,臺北市,汽車,1628192
201908,臺北市,普通重型機車,1129080
201908,臺北市,普通輕型機車,115116
201908,臺北市,普通駕照,1583144
201908,臺北市,機車,1298700
201908,臺北市,職業駕照,45048
201909,臺北市,大型重型機車,54677
201909,臺北市,小型輕型機車,0
201909,臺北市,汽車,1629886
201909,臺北市,普通重型機車,1129973
201909,臺北市,普通輕型機車,114989
201909,臺北市,普通駕照,1584886
201909,臺北市,機車,1299639
201909,臺北市,職業駕照,45000
201910,臺北市,大型重型機車,54925
201910,臺北市,小型輕型機車,0
201910,臺北市,汽車,1630783
201910,臺北市,普通重型機車,1130756
201910,臺北市,普通輕型機車,114824
201910,臺北市,普通駕照,1585828
201910,臺北市,機車,1300505
201910,臺北市,職業駕照,44955
201911,臺北市,大型重型機車,55140
201911,臺北市,小型輕型機車,0
201911,臺北市,汽車,1630962
201911,臺北市,普通重型機車,1131068
201911,臺北市,普通輕型機車,114622
201911,臺北市,普通駕照,1586088
201911,臺北市,機車,1300830
201911,臺北市,職業駕照,44874
201912,臺北市,大型重型機車,55347
201912,臺北市,小型輕型機車,0
201912,臺北市,汽車,1631790
201912,臺北市,普通重型機車,1131554
201912,臺北市,普通輕型機車,114508
201912,臺北市,普通駕照,1586966
201912,臺北市,機車,1301409
201912,臺北市,職業駕照,44824
202001,臺北市,大型重型機車,55511
202001,臺北市,小型輕型機車,0
202001,臺北市,汽車,1630986
202001,臺北市,普通重型機車,1131242
202001,臺北市,普通輕型機車,114380
202001,臺北市,普通駕照,1586269
202001,臺北市,機車,1301133
202001,臺北市,職業駕照,44717
202002,臺北市,大型重型機車,55809
202002,臺北市,小型輕型機車,0
202002,臺北市,汽車,1631169
202002,臺北市,普通重型機車,1131972
202002,臺北市,普通輕型機車,114269
202002,臺北市,普通駕照,1586493
202002,臺北市,機車,1302050
202002,臺北市,職業駕照,44676
202003,臺北市,大型重型機車,56148
202003,臺北市,小型輕型機車,0
202003,臺北市,汽車,1631095
202003,臺北市,普通重型機車,1132274
202003,臺北市,普通輕型機車,114088
202003,臺北市,普通駕照,1586553
202003,臺北市,機車,1302510
202003,臺北市,職業駕照,44542
202004,臺北市,大型重型機車,56393
202004,臺北市,小型輕型機車,0
202004,臺北市,汽車,1631499
202004,臺北市,普通重型機車,1132266
202004,臺北市,普通輕型機車,113896
202004,臺北市,普通駕照,1587072
202004,臺北市,機車,1302555
202004,臺北市,職業駕照,44427
202005,臺北市,大型重型機車,56719
202005,臺北市,小型輕型機車,0
202005,臺北市,汽車,1632311
202005,臺北市,普通重型機車,1132604
202005,臺北市,普通輕型機車,113758
202005,臺北市,普通駕照,1587883
202005,臺北市,機車,1303081
202005,臺北市,職業駕照,44428
202006,臺北市,大型重型機車,57089
202006,臺北市,小型輕型機車,0
202006,臺北市,汽車,1633436
202006,臺北市,普通重型機車,1133173
202006,臺北市,普通輕型機車,113635
202006,臺北市,普通駕照,1589023
202006,臺北市,機車,1303897
202006,臺北市,職業駕照,44413
202007,臺北市,大型重型機車,57519
202007,臺北市,小型輕型機車,0
202007,臺北市,汽車,1634928
202007,臺北市,普通重型機車,1133781
202007,臺北市,普通輕型機車,113463
202007,臺北市,普通駕照,1590614
202007,臺北市,機車,1304763
202007,臺北市,職業駕照,44314
202008,臺北市,大型重型機車,57962
202008,臺北市,小型輕型機車,0
202008,臺北市,汽車,1636897
202008,臺北市,普通重型機車,1134750
202008,臺北市,普通輕型機車,113292
202008,臺北市,普通駕照,1592725
202008,臺北市,機車,1306004
202008,臺北市,職業駕照,44172
202009,臺北市,大型重型機車,58293
202009,臺北市,小型輕型機車,0
202009,臺北市,汽車,1638814
202009,臺北市,普通重型機車,1135504
202009,臺北市,普通輕型機車,113101
202009,臺北市,普通駕照,1594754
202009,臺北市,機車,1306898
202009,臺北市,職業駕照,44060
202010,臺北市,大型重型機車,58564
202010,臺北市,小型輕型機車,0
202010,臺北市,汽車,1640035
202010,臺北市,普通重型機車,1136077
202010,臺北市,普通輕型機車,112956
202010,臺北市,普通駕照,1596035
202010,臺北市,機車,1307597
202010,臺北市,職業駕照,44000
202011,臺北市,大型重型機車,58860
202011,臺北市,小型輕型機車,0
202011,臺北市,汽車,1640234
202011,臺北市,普通重型機車,1136564
202011,臺北市,普通輕型機車,112717
202011,臺北市,普通駕照,1596287
202011,臺北市,機車,1308141
202011,臺北市,職業駕照,43947
202012,臺北市,大型重型機車,59119
202012,臺北市,小型輕型機車,0
202012,臺北市,汽車,1640977
202012,臺北市,普通重型機車,1136697
202012,臺北市,普通輕型機車,112557
202012,臺北市,普通駕照,1597147
202012,臺北市,機車,1308373
202012,臺北市,職業駕照,43830
202101,臺北市,大型重型機車,59284
202101,臺北市,小型輕型機車,0
202101,臺北市,汽車,1641025
202101,臺北市,普通重型機車,1136813
202101,臺北市,普通輕型機車,112395
202101,臺北市,普通駕照,1597291
202101,臺北市,機車,1308492
202101,臺北市,職業駕照,43734
202102,臺北市,大型重型機車,59471
202102,臺北市,小型輕型機車,0
202102,臺北市,汽車,1640983
202102,臺北市,普通重型機車,1137073
202102,臺北市,普通輕型機車,112256
202102,臺北市,普通駕照,1597333
202102,臺北市,機車,1308800
202102,臺北市,職業駕照,43650
202103,臺北市,大型重型機車,59948
202103,臺北市,小型輕型機車,0
202103,臺北市,汽車,1640828
202103,臺北市,普通重型機車,1137036
202103,臺北市,普通輕型機車,112034
202103,臺北市,普通駕照,1597226
202103,臺北市,機車,1309018
202103,臺北市,職業駕照,43602
202104,臺北市,大型重型機車,60326
202104,臺北市,小型輕型機車,0
202104,臺北市,汽車,1640686
202104,臺北市,普通重型機車,1137630
202104,臺北市,普通輕型機車,111628
202104,臺北市,普通駕照,1597140
202104,臺北市,機車,1309584
202104,臺北市,職業駕照,43546
202105,臺北市,大型重型機車,60493
202105,臺北市,小型輕型機車,0
202105,臺北市,汽車,1640119
202105,臺北市,普通重型機車,1137652
202105,臺北市,普通輕型機車,111405
202105,臺北市,普通駕照,1596706
202105,臺北市,機車,1309550
202105,臺北市,職業駕照,43413
202106,臺北市,大型重型機車,60428
202106,臺北市,小型輕型機車,0
202106,臺北市,汽車,1638539
202106,臺北市,普通重型機車,1136969
202106,臺北市,普通輕型機車,111281
202106,臺北市,普通駕照,1595279
202106,臺北市,機車,1308678
202106,臺北市,職業駕照,43260
202107,臺北市,大型重型機車,60624
202107,臺北市,小型輕型機車,0
202107,臺北市,汽車,1637762
202107,臺北市,普通重型機車,1136359
202107,臺北市,普通輕型機車,111183
202107,臺北市,普通駕照,1594681
202107,臺北市,機車,1308166
202107,臺北市,職業駕照,43081
202108,臺北市,大型重型機車,61084
202108,臺北市,小型輕型機車,0
202108,臺北市,汽車,1627644
202108,臺北市,普通重型機車,1128954
202108,臺北市,普通輕型機車,110267
202108,臺北市,普通駕照,1584731
202108,臺北市,機車,1300305
202108,臺北市,職業駕照,42913
202109,臺北市,大型重型機車,61455
202109,臺北市,小型輕型機車,0
202109,臺北市,汽車,1627103
202109,臺北市,普通重型機車,1128546
202109,臺北市,普通輕型機車,109981
202109,臺北市,普通駕照,1584326
202109,臺北市,機車,1299982
202109,臺北市,職業駕照,42777
202110,臺北市,大型重型機車,61774
202110,臺北市,小型輕型機車,0
202110,臺北市,汽車,1628281
202110,臺北市,普通重型機車,1128763
202110,臺北市,普通輕型機車,109813
202110,臺北市,普通駕照,1585631
202110,臺北市,機車,1300350
202110,臺北市,職業駕照,42650
202111,臺北市,大型重型機車,62062
202111,臺北市,小型輕型機車,0
202111,臺北市,汽車,1628979
202111,臺北市,普通重型機車,1128727
202111,臺北市,普通輕型機車,109639
202111,臺北市,普通駕照,1586452
202111,臺北市,機車,1300428
202111,臺北市,職業駕照,42527
202112,臺北市,大型重型機車,62377
202112,臺北市,小型輕型機車,0
202112,臺北市,汽車,1629221
202112,臺北市,普通重型機車,1128228
202112,臺北市,普通輕型機車,109456
202112,臺北市,普通駕照,1586855
202112,臺北市,機車,1300061
202112,臺北市,職業駕照,42366
202201,臺北市,大型重型機車,62590
202201,臺北市,小型輕型機車,0
202201,臺北市,汽車,1628887
202201,臺北市,普通重型機車,1127869
202201,臺北市,普通輕型機車,109338
202201,臺北市,普通駕照,1586616
202201,臺北市,機車,1299797
202201,臺北市,職業駕照,42271
202202,臺北市,大型重型機車,62789
202202,臺北市,小型輕型機車,0
202202,臺北市,汽車,1628046
202202,臺北市,普通重型機車,1127158
202202,臺北市,普通輕型機車,109202
202202,臺北市,普通駕照,1585935
202202,臺北市,機車,1299149
202202,臺北市,職業駕照,42111
202203,臺北市,大型重型機車,63137
202203,臺北市,小型輕型機車,0
202203,臺北市,汽車,1627763
202203,臺北市,普通重型機車,1126810
202203,臺北市,普通輕型機車,109024
202203,臺北市,普通駕照,1585818
202203,臺北市,機車,1298971
202203,臺北市,職業駕照,41945
202204,臺北市,大型重型機車,63296
202204,臺北市,小型輕型機車,0
202204,臺北市,汽車,1626427
202204,臺北市,普通重型機車,1125614
202204,臺北市,普通輕型機車,108794
202204,臺北市,普通駕照,1584631
202204,臺北市,機車,1297704
202204,臺北市,職業駕照,41796
202205,臺北市,大型重型機車,63547
202205,臺北市,小型輕型機車,0
202205,臺北市,汽車,1626342
202205,臺北市,普通重型機車,1125006
202205,臺北市,普通輕型機車,108599
202205,臺北市,普通駕照,1584657
202205,臺北市,機車,1297152
202205,臺北市,職業駕照,41685
202206,臺北市,大型重型機車,63811
202206,臺北市,小型輕型機車,0
202206,臺北市,汽車,1626276
202206,臺北市,普通重型機車,1124883
202206,臺北市,普通輕型機車,108428
202206,臺北市,普通駕照,1584719
202206,臺北市,機車,1297122
202206,臺北市,職業駕照,41557
202207,臺北市,大型重型機車,64165
202207,臺北市,小型輕型機車,0
202207,臺北市,汽車,1626585
202207,臺北市,普通重型機車,1125443
202207,臺北市,普通輕型機車,108259
202207,臺北市,普通駕照,1585153
202207,臺北市,機車,1297867
202207,臺北市,職業駕照,41432
202208,臺北市,總計,2924145
202208,臺北市,汽車,1626815
202208,臺北市,職業駕照,41282
202208,臺北市,普通駕照,1585533
202208,臺北市,機車,1297330
202208,臺北市,大型重型機車,64554
202208,臺北市,普通重型機車,1124832
202208,臺北市,普通輕型機車,107944
202208,臺北市,小型輕型機車,0
202209,臺北市,總計,2922647
202209,臺北市,汽車,1626102
202209,臺北市,職業駕照,41112
202209,臺北市,普通駕照,1584990
202209,臺北市,機車,1296545
202209,臺北市,大型重型機車,64806
202209,臺北市,普通重型機車,1124039
202209,臺北市,普通輕型機車,107700
202209,臺北市,小型輕型機車,0
202210,臺北市,總計,2924118
202210,臺北市,汽車,1627039
202210,臺北市,職業駕照,40986
202210,臺北市,普通駕照,1586053
202210,臺北市,機車,1297079
202210,臺北市,大型重型機車,65107
202210,臺北市,普通重型機車,1124390
202210,臺北市,普通輕型機車,107582
202210,臺北市,小型輕型機車,0
